-- MySQL dump 10.13  Distrib 5.7.19, for macos10.12 (x86_64)
--
-- Host: localhost    Database: sistema_pedido
-- ------------------------------------------------------
-- Server version	5.7.19

/*!40101 SET @OLD_CHARACTER_SET_CLIENT=@@CHARACTER_SET_CLIENT */;
/*!40101 SET @OLD_CHARACTER_SET_RESULTS=@@CHARACTER_SET_RESULTS */;
/*!40101 SET @OLD_COLLATION_CONNECTION=@@COLLATION_CONNECTION */;
/*!40101 SET NAMES utf8 */;
/*!40103 SET @OLD_TIME_ZONE=@@TIME_ZONE */;
/*!40103 SET TIME_ZONE='+00:00' */;
/*!40014 SET @OLD_UNIQUE_CHECKS=@@UNIQUE_CHECKS, UNIQUE_CHECKS=0 */;
/*!40014 SET @OLD_FOREIGN_KEY_CHECKS=@@FOREIGN_KEY_CHECKS, FOREIGN_KEY_CHECKS=0 */;
/*!40101 SET @OLD_SQL_MODE=@@SQL_MODE, SQL_MODE='NO_AUTO_VALUE_ON_ZERO' */;
/*!40111 SET @OLD_SQL_NOTES=@@SQL_NOTES, SQL_NOTES=0 */;

--
-- Table structure for table `categoria`
--

DROP TABLE IF EXISTS `categoria`;
/*!40101 SET @saved_cs_client     = @@character_set_client */;
/*!40101 SET character_set_client = utf8 */;
CREATE TABLE `categoria` (
  `id` int(11) NOT NULL AUTO_INCREMENT,
  `nome` varchar(255) DEFAULT NULL,
  PRIMARY KEY (`id`)
) ENGINE=MyISAM AUTO_INCREMENT=8 DEFAULT CHARSET=latin1;
/*!40101 SET character_set_client = @saved_cs_client */;

--
-- Dumping data for table `categoria`
--

LOCK TABLES `categoria` WRITE;
/*!40000 ALTER TABLE `categoria` DISABLE KEYS */;
INSERT INTO `categoria` VALUES (1,'Informática'),(2,'Escritório'),(3,'Cama mesa e banho'),(4,'Eletrônicos'),(5,'Jardinagem'),(6,'Decoração'),(7,'Perfumaria');
/*!40000 ALTER TABLE `categoria` ENABLE KEYS */;
UNLOCK TABLES;

--
-- Table structure for table `cidade`
--

DROP TABLE IF EXISTS `cidade`;
/*!40101 SET @saved_cs_client     = @@character_set_client */;
/*!40101 SET character_set_client = utf8 */;
CREATE TABLE `cidade` (
  `id` int(11) NOT NULL AUTO_INCREMENT,
  `nome` varchar(255) DEFAULT NULL,
  `estado_id` int(11) DEFAULT NULL,
  PRIMARY KEY (`id`),
  KEY `FKkworrwk40xj58kevvh3evi500` (`estado_id`)
) ENGINE=MyISAM AUTO_INCREMENT=4 DEFAULT CHARSET=latin1;
/*!40101 SET character_set_client = @saved_cs_client */;

--
-- Dumping data for table `cidade`
--

LOCK TABLES `cidade` WRITE;
/*!40000 ALTER TABLE `cidade` DISABLE KEYS */;
INSERT INTO `cidade` VALUES (1,'Uberlândia',1),(2,'São Paulo',2),(3,'Campinas',2);
/*!40000 ALTER TABLE `cidade` ENABLE KEYS */;
UNLOCK TABLES;

--
-- Table structure for table `cliente`
--

DROP TABLE IF EXISTS `cliente`;
/*!40101 SET @saved_cs_client     = @@character_set_client */;
/*!40101 SET character_set_client = utf8 */;
CREATE TABLE `cliente` (
  `id` int(11) NOT NULL AUTO_INCREMENT,
  `celular` varchar(255) DEFAULT NULL,
  `cpf_ou_cnpj` varchar(255) DEFAULT NULL,
  `email` varchar(255) DEFAULT NULL,
  `nome` varchar(255) DEFAULT NULL,
  `telefone` varchar(255) DEFAULT NULL,
  `tipo` varchar(255) DEFAULT NULL,
  PRIMARY KEY (`id`),
  UNIQUE KEY `UK_cmxo70m08n43599l3h0h07cc6` (`email`)
) ENGINE=MyISAM AUTO_INCREMENT=2 DEFAULT CHARSET=latin1;
/*!40101 SET character_set_client = @saved_cs_client */;

--
-- Dumping data for table `cliente`
--

LOCK TABLES `cliente` WRITE;
/*!40000 ALTER TABLE `cliente` DISABLE KEYS */;
INSERT INTO `cliente` VALUES (1,'99990000','00011122233','maria@gmail.com','Maria Silva','22223333','PESSOA_FISICA');
/*!40000 ALTER TABLE `cliente` ENABLE KEYS */;
UNLOCK TABLES;

--
-- Table structure for table `endereco`
--

DROP TABLE IF EXISTS `endereco`;
/*!40101 SET @saved_cs_client     = @@character_set_client */;
/*!40101 SET character_set_client = utf8 */;
CREATE TABLE `endereco` (
  `id` int(11) NOT NULL AUTO_INCREMENT,
  `bairro` varchar(255) DEFAULT NULL,
  `cep` varchar(255) DEFAULT NULL,
  `complemento` varchar(255) DEFAULT NULL,
  `logradouro` varchar(255) DEFAULT NULL,
  `numero` varchar(255) DEFAULT NULL,
  `cidade_id` int(11) DEFAULT NULL,
  `cliente_id` int(11) DEFAULT NULL,
  PRIMARY KEY (`id`),
  KEY `FK8b1kcb3wucapb8dejshyn5fsx` (`cidade_id`),
  KEY `FK8s7ivtl4foyhrfam9xqom73n9` (`cliente_id`)
) ENGINE=MyISAM AUTO_INCREMENT=3 DEFAULT CHARSET=latin1;
/*!40101 SET character_set_client = @saved_cs_client */;

--
-- Dumping data for table `endereco`
--

LOCK TABLES `endereco` WRITE;
/*!40000 ALTER TABLE `endereco` DISABLE KEYS */;
INSERT INTO `endereco` VALUES (1,'Jardim','20530003','apto 203','Rua Freire','200',1,1),(2,'Centro','20530003','apto 503','Rua Outra rua','300',2,1);
/*!40000 ALTER TABLE `endereco` ENABLE KEYS */;
UNLOCK TABLES;

--
-- Table structure for table `estado`
--

DROP TABLE IF EXISTS `estado`;
/*!40101 SET @saved_cs_client     = @@character_set_client */;
/*!40101 SET character_set_client = utf8 */;
CREATE TABLE `estado` (
  `id` int(11) NOT NULL AUTO_INCREMENT,
  `nome` varchar(255) DEFAULT NULL,
  PRIMARY KEY (`id`)
) ENGINE=MyISAM AUTO_INCREMENT=3 DEFAULT CHARSET=latin1;
/*!40101 SET character_set_client = @saved_cs_client */;

--
-- Dumping data for table `estado`
--

LOCK TABLES `estado` WRITE;
/*!40000 ALTER TABLE `estado` DISABLE KEYS */;
INSERT INTO `estado` VALUES (1,'Minas Gerais'),(2,'São Paulo');
/*!40000 ALTER TABLE `estado` ENABLE KEYS */;
UNLOCK TABLES;

--
-- Table structure for table `item_pedido`
--

DROP TABLE IF EXISTS `item_pedido`;
/*!40101 SET @saved_cs_client     = @@character_set_client */;
/*!40101 SET character_set_client = utf8 */;
CREATE TABLE `item_pedido` (
  `desconto` double DEFAULT NULL,
  `preco` double DEFAULT NULL,
  `quantidade` int(11) DEFAULT NULL,
  `pedido_id` int(11) NOT NULL,
  `produto_id` int(11) NOT NULL,
  PRIMARY KEY (`pedido_id`,`produto_id`),
  KEY `FKtk55mn6d6bvl5h0no5uagi3sf` (`produto_id`)
) ENGINE=MyISAM DEFAULT CHARSET=latin1;
/*!40101 SET character_set_client = @saved_cs_client */;

--
-- Dumping data for table `item_pedido`
--

LOCK TABLES `item_pedido` WRITE;
/*!40000 ALTER TABLE `item_pedido` DISABLE KEYS */;
INSERT INTO `item_pedido` VALUES (0,2000,1,1,1),(0,80,2,1,3),(100,800,1,2,2);
/*!40000 ALTER TABLE `item_pedido` ENABLE KEYS */;
UNLOCK TABLES;

--
-- Table structure for table `pagamento`
--

DROP TABLE IF EXISTS `pagamento`;
/*!40101 SET @saved_cs_client     = @@character_set_client */;
/*!40101 SET character_set_client = utf8 */;
CREATE TABLE `pagamento` (
  `id` int(11) NOT NULL AUTO_INCREMENT,
  `estado` varchar(255) DEFAULT NULL,
  `pedido_id` int(11) DEFAULT NULL,
  PRIMARY KEY (`id`),
  KEY `FKthad9tkw4188hb3qo1lm5ueb0` (`pedido_id`)
) ENGINE=MyISAM AUTO_INCREMENT=3 DEFAULT CHARSET=latin1;
/*!40101 SET character_set_client = @saved_cs_client */;

--
-- Dumping data for table `pagamento`
--

LOCK TABLES `pagamento` WRITE;
/*!40000 ALTER TABLE `pagamento` DISABLE KEYS */;
INSERT INTO `pagamento` VALUES (1,'QUITADO',1),(2,'PENDENTE',2);
/*!40000 ALTER TABLE `pagamento` ENABLE KEYS */;
UNLOCK TABLES;

--
-- Table structure for table `pagamento_com_boleto`
--

DROP TABLE IF EXISTS `pagamento_com_boleto`;
/*!40101 SET @saved_cs_client     = @@character_set_client */;
/*!40101 SET character_set_client = utf8 */;
CREATE TABLE `pagamento_com_boleto` (
  `data_pagamento` date DEFAULT NULL,
  `data_vencimento` date DEFAULT NULL,
  `id` int(11) NOT NULL,
  PRIMARY KEY (`id`)
) ENGINE=MyISAM DEFAULT CHARSET=latin1;
/*!40101 SET character_set_client = @saved_cs_client */;

--
-- Dumping data for table `pagamento_com_boleto`
--

LOCK TABLES `pagamento_com_boleto` WRITE;
/*!40000 ALTER TABLE `pagamento_com_boleto` DISABLE KEYS */;
INSERT INTO `pagamento_com_boleto` VALUES (NULL,'2018-01-20',2);
/*!40000 ALTER TABLE `pagamento_com_boleto` ENABLE KEYS */;
UNLOCK TABLES;

--
-- Table structure for table `pagamento_com_cartao`
--

DROP TABLE IF EXISTS `pagamento_com_cartao`;
/*!40101 SET @saved_cs_client     = @@character_set_client */;
/*!40101 SET character_set_client = utf8 */;
CREATE TABLE `pagamento_com_cartao` (
  `numero_de_parcelas` int(11) DEFAULT NULL,
  `id` int(11) NOT NULL,
  PRIMARY KEY (`id`)
) ENGINE=MyISAM DEFAULT CHARSET=latin1;
/*!40101 SET character_set_client = @saved_cs_client */;

--
-- Dumping data for table `pagamento_com_cartao`
--

LOCK TABLES `pagamento_com_cartao` WRITE;
/*!40000 ALTER TABLE `pagamento_com_cartao` DISABLE KEYS */;
INSERT INTO `pagamento_com_cartao` VALUES (6,1);
/*!40000 ALTER TABLE `pagamento_com_cartao` ENABLE KEYS */;
UNLOCK TABLES;

--
-- Table structure for table `pedido`
--

DROP TABLE IF EXISTS `pedido`;
/*!40101 SET @saved_cs_client     = @@character_set_client */;
/*!40101 SET character_set_client = utf8 */;
CREATE TABLE `pedido` (
  `id` int(11) NOT NULL AUTO_INCREMENT,
  `data_do_pedido` date DEFAULT NULL,
  `cliente_id` int(11) DEFAULT NULL,
  `endereco_de_entrega_id` int(11) DEFAULT NULL,
  PRIMARY KEY (`id`),
  KEY `FK30s8j2ktpay6of18lbyqn3632` (`cliente_id`),
  KEY `FK1fihyy2fnocpuwc74674qmfkv` (`endereco_de_entrega_id`)
) ENGINE=MyISAM AUTO_INCREMENT=3 DEFAULT CHARSET=latin1;
/*!40101 SET character_set_client = @saved_cs_client */;

--
-- Dumping data for table `pedido`
--

LOCK TABLES `pedido` WRITE;
/*!40000 ALTER TABLE `pedido` DISABLE KEYS */;
INSERT INTO `pedido` VALUES (1,'2018-01-01',1,1),(2,'2018-01-03',1,2);
/*!40000 ALTER TABLE `pedido` ENABLE KEYS */;
UNLOCK TABLES;

--
-- Table structure for table `produto`
--

DROP TABLE IF EXISTS `produto`;
/*!40101 SET @saved_cs_client     = @@character_set_client */;
/*!40101 SET character_set_client = utf8 */;
CREATE TABLE `produto` (
  `id` int(11) NOT NULL AUTO_INCREMENT,
  `nome` varchar(255) DEFAULT NULL,
  `preco` double DEFAULT NULL,
  PRIMARY KEY (`id`)
) ENGINE=MyISAM AUTO_INCREMENT=12 DEFAULT CHARSET=latin1;
/*!40101 SET character_set_client = @saved_cs_client */;

--
-- Dumping data for table `produto`
--

LOCK TABLES `produto` WRITE;
/*!40000 ALTER TABLE `produto` DISABLE KEYS */;
INSERT INTO `produto` VALUES (1,'Computador',2000),(2,'Impressora',800),(3,'Mouse',80),(4,'Mesa de escritório',300),(5,'Toalha',50),(6,'Colcha',200),(7,'TV true color',1200),(8,'Roçadeira',800),(9,'Abajour',100),(10,'Pendente',180),(11,'Shampoo',90);
/*!40000 ALTER TABLE `produto` ENABLE KEYS */;
UNLOCK TABLES;

--
-- Table structure for table `produto_categorias`
--

DROP TABLE IF EXISTS `produto_categorias`;
/*!40101 SET @saved_cs_client     = @@character_set_client */;
/*!40101 SET character_set_client = utf8 */;
CREATE TABLE `produto_categorias` (
  `produtos_id` int(11) NOT NULL,
  `categorias_id` int(11) NOT NULL,
  KEY `FKl5nnwub3ldckfe3jpl2nxc00t` (`categorias_id`),
  KEY `FKt2j5yujm7qw9duukmb2mgq93q` (`produtos_id`)
) ENGINE=MyISAM DEFAULT CHARSET=latin1;
/*!40101 SET character_set_client = @saved_cs_client */;

--
-- Dumping data for table `produto_categorias`
--

LOCK TABLES `produto_categorias` WRITE;
/*!40000 ALTER TABLE `produto_categorias` DISABLE KEYS */;
INSERT INTO `produto_categorias` VALUES (1,1),(1,4),(2,1),(2,2),(2,4),(3,1),(3,4),(4,2),(5,3),(6,3),(7,4),(8,5),(9,6),(10,6),(11,7);
/*!40000 ALTER TABLE `produto_categorias` ENABLE KEYS */;
UNLOCK TABLES;
/*!40103 SET TIME_ZONE=@OLD_TIME_ZONE */;

/*!40101 SET SQL_MODE=@OLD_SQL_MODE */;
/*!40014 SET FOREIGN_KEY_CHECKS=@OLD_FOREIGN_KEY_CHECKS */;
/*!40014 SET UNIQUE_CHECKS=@OLD_UNIQUE_CHECKS */;
/*!40101 SET CHARACTER_SET_CLIENT=@OLD_CHARACTER_SET_CLIENT */;
/*!40101 SET CHARACTER_SET_RESULTS=@OLD_CHARACTER_SET_RESULTS */;
/*!40101 SET COLLATION_CONNECTION=@OLD_COLLATION_CONNECTION */;
/*!40111 SET SQL_NOTES=@OLD_SQL_NOTES */;

-- Dump completed on 2018-08-23 13:30:38
